timestamp,datapath_id,flow_id,ip_src,tp_src,ip_dst,tp_dst,ip_proto,icmp_code,icmp_type,flow_duration_sec,flow_duration_nsec,idle_timeout,hard_timeout,flags,packet_count,byte_count,packet_count_per_second,packet_count_per_nsecond,byte_count_per_second,byte_count_per_nsecond,label
1589932746,1,10.0.0.1505010.0.0.3542466,10.0.0.1,5050,10.0.0.3,54246,6,-1,-1,4,480000000,20,100,0,50776,3351216,12694,0.000105783,837804,0.0069817,0
1589932746,1,10.0.0.35424610.0.0.150506,10.0.0.3,54246,10.0.0.1,5050,6,-1,-1,4,486000000,20,100,0,209360,11834974848,52340,0.000430782,2958743712,24.3518001,0
1589932746,1,10.0.0.35424610.0.0.550501,10.0.0.3,54246,10.0.0.5,5050,1,0,8,4,484000000,20,100,0,3,294,0.75,6.20E-09,73.5,6.07E-07,0
1589932746,1,10.0.0.55424610.0.0.350501,10.0.0.5,54246,10.0.0.3,5050,1,0,0,4,415000000,20,100,0,3,294,0.75,7.23E-09,73.5,7.08E-07,0
1589932746,2,10.0.0.3010.0.0.501,10.0.0.3,0,10.0.0.5,0,1,0,8,4,423000000,20,100,0,3,294,0.75,7.09E-09,73.5,6.95E-07,0
1589932746,2,10.0.0.5010.0.0.301,10.0.0.5,0,10.0.0.3,0,1,0,0,4,417000000,20,100,0,3,294,0.75,7.19E-09,73.5,7.05E-07,0
1589932756,2,10.0.0.3010.0.0.501,10.0.0.3,0,10.0.0.5,0,1,0,8,14,429000000,20,100,0,13,1274,0.928571429,3.03E-08,91,2.97E-06,0
1589932756,2,10.0.0.5010.0.0.301,10.0.0.5,0,10.0.0.3,0,1,0,0,14,423000000,20,100,0,13,1274,0.928571429,3.07E-08,91,3.01E-06,0
1589932756,1,10.0.0.1505010.0.0.3542466,10.0.0.1,5050,10.0.0.3,54246,6,-1,-1,14,486000000,20,100,0,139454,9203964,9961,0.000286942,657426,0.018938198,0
1589932756,1,10.0.0.35424610.0.0.150506,10.0.0.3,54246,10.0.0.1,5050,6,-1,-1,14,492000000,20,100,0,596064,33916209400,42576,0.001211512,2422586386,68.93538496,0
1589932756,1,10.0.0.34022310.0.0.1505117,10.0.0.3,40223,10.0.0.1,5051,17,-1,-1,4,432000000,20,100,0,333,503496,83.25,7.71E-07,125874,0.0011655,0
1589932756,1,10.0.0.34022310.0.0.550511,10.0.0.3,40223,10.0.0.5,5051,1,0,8,14,490000000,20,100,0,13,1274,0.928571429,2.65E-08,91,2.60E-06,0
1589932756,1,10.0.0.54022310.0.0.350511,10.0.0.5,40223,10.0.0.3,5051,1,0,0,14,421000000,20,100,0,13,1274,0.928571429,3.09E-08,91,3.03E-06,0
1589932766,4,10.0.0.1505010.0.0.10438046,10.0.0.1,5050,10.0.0.10,43804,6,-1,-1,4,210000000,20,100,0,46247,3054726,11561.75,0.000220224,763681.5,0.014546314,0
1589932766,4,10.0.0.104380410.0.0.150506,10.0.0.10,43804,10.0.0.1,5050,6,-1,-1,4,222000000,20,100,0,198680,11271303816,49670,0.000894955,2817825954,50.77163881,0
1589932766,4,10.0.0.104380410.0.0.1450501,10.0.0.10,43804,10.0.0.14,5050,1,0,8,4,229000000,20,100,0,3,294,0.75,1.31E-08,73.5,1.28E-06,0
1589932766,4,10.0.0.144380410.0.0.1050501,10.0.0.14,43804,10.0.0.10,5050,1,0,0,4,224000000,20,100,0,3,294,0.75,1.34E-08,73.5,1.31E-06,0
1589932766,3,10.0.0.1505010.0.0.10438046,10.0.0.1,5050,10.0.0.10,43804,6,-1,-1,4,212000000,20,100,0,46247,3054726,11561.75,0.000218146,763681.5,0.014409085,0
1589932766,3,10.0.0.104380410.0.0.150506,10.0.0.10,43804,10.0.0.1,5050,6,-1,-1,4,221000000,20,100,0,198680,11271303816,49670,0.000899005,2817825954,51.00137473,0
1589932766,5,10.0.0.10010.0.0.1401,10.0.0.10,0,10.0.0.14,0,1,0,8,4,228000000,20,100,0,3,294,0.75,1.32E-08,73.5,1.29E-06,0
1589932766,5,10.0.0.14010.0.0.1001,10.0.0.14,0,10.0.0.10,0,1,0,0,4,225000000,20,100,0,3,294,0.75,1.33E-08,73.5,1.31E-06,0
1589932766,2,10.0.0.1505010.0.0.10438046,10.0.0.1,5050,10.0.0.10,43804,6,-1,-1,4,214000000,20,100,0,46247,3054726,11561.75,0.000216107,763681.5,0.014274421,0
1589932766,2,10.0.0.104380410.0.0.150506,10.0.0.10,43804,10.0.0.1,5050,6,-1,-1,4,220000000,20,100,0,198680,11271303816,49670,0.000903091,2817825954,51.23319916,0
1589932766,2,10.0.0.34380410.0.0.550501,10.0.0.3,43804,10.0.0.5,5050,1,0,8,24,429000000,20,100,0,23,2254,0.958333333,5.36E-08,93.91666667,5.25E-06,0
1589932766,2,10.0.0.54380410.0.0.350501,10.0.0.5,43804,10.0.0.3,5050,1,0,0,24,423000000,20,100,0,23,2254,0.958333333,5.44E-08,93.91666667,5.33E-06,0
1589932766,1,10.0.0.1505010.0.0.10438046,10.0.0.1,5050,10.0.0.10,43804,6,-1,-1,4,216000000,20,100,0,46247,3054726,11561.75,0.000214106,763681.5,0.01414225,0
1589932766,1,10.0.0.18010.0.0.3457426,10.0.0.1,80,10.0.0.3,45742,6,-1,-1,4,360000000,20,100,0,2080,60347930,520,5.78E-06,15086982.5,0.167633139,0
1589932766,1,10.0.0.1505010.0.0.3542466,10.0.0.1,5050,10.0.0.3,54246,6,-1,-1,24,486000000,20,100,0,139454,9203964,5810.583333,0.000286942,383498.5,0.018938198,0
1589932766,1,10.0.0.18010.0.0.3457406,10.0.0.1,80,10.0.0.3,45740,6,-1,-1,4,369000000,20,100,0,11,1046,2.75,2.98E-08,261.5,2.83E-06,0
1589932766,1,10.0.0.1505110.0.0.34022317,10.0.0.1,5051,10.0.0.3,40223,17,-1,-1,4,395000000,20,100,0,0,0,0,0,0,0,0
1589932766,1,10.0.0.104380410.0.0.150506,10.0.0.10,43804,10.0.0.1,5050,6,-1,-1,4,218000000,20,100,0,198680,11271303816,49670,0.000911376,2817825954,51.70322851,0
1589932766,1,10.0.0.34574210.0.0.1806,10.0.0.3,45742,10.0.0.1,80,6,-1,-1,4,361000000,20,100,0,1037,68556,259.25,2.87E-06,17139,0.000189906,0
1589932766,1,10.0.0.35424610.0.0.150506,10.0.0.3,54246,10.0.0.1,5050,6,-1,-1,24,492000000,20,100,0,596064,33916209400,24836,0.001211512,1413175392,68.93538496,0
1589932766,1,10.0.0.34574010.0.0.1806,10.0.0.3,45740,10.0.0.1,80,6,-1,-1,4,371000000,20,100,0,11,842,2.75,2.96E-08,210.5,2.27E-06,0
1589932766,1,10.0.0.34022310.0.0.1505117,10.0.0.3,40223,10.0.0.1,5051,17,-1,-1,14,432000000,20,100,0,893,1350216,63.78571429,2.07E-06,96444,0.0031255,0
1589932766,1,10.0.0.34022310.0.0.550511,10.0.0.3,40223,10.0.0.5,5051,1,0,8,24,490000000,20,100,0,23,2254,0.958333333,4.69E-08,93.91666667,4.60E-06,0
1589932766,1,10.0.0.54022310.0.0.350511,10.0.0.5,40223,10.0.0.3,5051,1,0,0,24,421000000,20,100,0,23,2254,0.958333333,5.46E-08,93.91666667,5.35E-06,0
1589932776,3,10.0.0.1505010.0.0.10438046,10.0.0.1,5050,10.0.0.10,43804,6,-1,-1,14,215000000,20,100,0,131122,8656476,9365.857143,0.00060987,618319.7143,0.040262679,0
1589932776,3,10.0.0.104380410.0.0.150506,10.0.0.10,43804,10.0.0.1,5050,6,-1,-1,14,224000000,20,100,0,569013,32411046610,40643.78571,0.002540237,2315074758,144.6921724,0
1589932776,3,10.0.0.104345610.0.0.1505117,10.0.0.10,43456,10.0.0.1,5051,17,-1,-1,4,173000000,20,100,0,317,479304,79.25,1.83E-06,119826,0.002770543,0
1589932776,5,10.0.0.10010.0.0.1401,10.0.0.10,0,10.0.0.14,0,1,0,8,14,231000000,20,100,0,13,1274,0.928571429,5.63E-08,91,5.52E-06,0
1589932776,5,10.0.0.14010.0.0.1001,10.0.0.14,0,10.0.0.10,0,1,0,0,14,228000000,20,100,0,13,1274,0.928571429,5.70E-08,91,5.59E-06,0
1589932776,1,10.0.0.1505010.0.0.10438046,10.0.0.1,5050,10.0.0.10,43804,6,-1,-1,14,219000000,20,100,0,131122,8656476,9365.857143,0.000598731,618319.7143,0.039527288,0
1589932776,1,10.0.0.18010.0.0.3457426,10.0.0.1,80,10.0.0.3,45742,6,-1,-1,14,363000000,20,100,0,2080,60347930,148.5714286,5.73E-06,4310566.429,0.166247741,0
1589932776,1,10.0.0.18010.0.0.3457406,10.0.0.1,80,10.0.0.3,45740,6,-1,-1,14,372000000,20,100,0,11,1046,0.785714286,2.96E-08,74.71428571,2.81E-06,0
1589932776,1,10.0.0.1505110.0.0.34022317,10.0.0.1,5051,10.0.0.3,40223,17,-1,-1,14,398000000,20,100,0,0,0,0,0,0,0,0
1589932776,1,10.0.0.104380410.0.0.150506,10.0.0.10,43804,10.0.0.1,5050,6,-1,-1,14,221000000,20,100,0,569013,32411046610,40643.78571,0.002574719,2315074758,146.6563195,0
1589932776,1,10.0.0.104345610.0.0.1505117,10.0.0.10,43456,10.0.0.1,5051,17,-1,-1,4,170000000,20,100,0,317,479304,79.25,1.86E-06,119826,0.002819435,0
1589932776,1,10.0.0.34574210.0.0.1806,10.0.0.3,45742,10.0.0.1,80,6,-1,-1,14,364000000,20,100,0,1037,68556,74.07142857,2.85E-06,4896.857143,0.000188341,0
1589932776,1,10.0.0.34574010.0.0.1806,10.0.0.3,45740,10.0.0.1,80,6,-1,-1,14,374000000,20,100,0,11,842,0.785714286,2.94E-08,60.14285714,2.25E-06,0
1589932776,1,10.0.0.34022310.0.0.1505117,10.0.0.3,40223,10.0.0.1,5051,17,-1,-1,24,435000000,20,100,0,893,1350216,37.20833333,2.05E-06,56259,0.003103945,0
1589932776,1,10.0.0.34022310.0.0.550511,10.0.0.3,40223,10.0.0.5,5051,1,0,8,34,493000000,20,100,0,33,3234,0.970588235,6.69E-08,95.11764706,6.56E-06,0
1589932776,1,10.0.0.54022310.0.0.350511,10.0.0.5,40223,10.0.0.3,5051,1,0,0,34,424000000,20,100,0,33,3234,0.970588235,7.78E-08,95.11764706,7.63E-06,0
1589932776,2,10.0.0.1505010.0.0.10438046,10.0.0.1,5050,10.0.0.10,43804,6,-1,-1,14,217000000,20,100,0,131122,8656476,9365.857143,0.000604249,618319.7143,0.039891594,0
1589932776,2,10.0.0.104380410.0.0.150506,10.0.0.10,43804,10.0.0.1,5050,6,-1,-1,14,223000000,20,100,0,569013,32411046610,40643.78571,0.002551628,2315074758,145.3410162,0
1589932776,2,10.0.0.104345610.0.0.1505117,10.0.0.10,43456,10.0.0.1,5051,17,-1,-1,4,172000000,20,100,0,317,479304,79.25,1.84E-06,119826,0.002786651,0
1589932776,2,10.0.0.34345610.0.0.550511,10.0.0.3,43456,10.0.0.5,5051,1,0,8,34,432000000,20,100,0,33,3234,0.970588235,7.64E-08,95.11764706,7.49E-06,0
1589932776,2,10.0.0.54345610.0.0.350511,10.0.0.5,43456,10.0.0.3,5051,1,0,0,34,426000000,20,100,0,33,3234,0.970588235,7.75E-08,95.11764706,7.59E-06,0
1589932776,4,10.0.0.1505010.0.0.10438046,10.0.0.1,5050,10.0.0.10,43804,6,-1,-1,14,213000000,20,100,0,131122,8656476,9365.857143,0.000615596,618319.7143,0.040640732,0
1589932776,4,10.0.0.104380410.0.0.150506,10.0.0.10,43804,10.0.0.1,5050,6,-1,-1,14,225000000,20,100,0,569013,32411046610,40643.78571,0.002528947,2315074758,144.049096,0
1589932776,4,10.0.0.104345610.0.0.1505117,10.0.0.10,43456,10.0.0.1,5051,17,-1,-1,4,175000000,20,100,0,317,479304,79.25,1.81E-06,119826,0.00273888,0
1589932776,4,10.0.0.104345610.0.0.1450511,10.0.0.10,43456,10.0.0.14,5051,1,0,8,14,232000000,20,100,0,13,1274,0.928571429,5.60E-08,91,5.49E-06,0
1589932776,4,10.0.0.144345610.0.0.1050511,10.0.0.14,43456,10.0.0.10,5051,1,0,0,14,227000000,20,100,0,13,1274,0.928571429,5.73E-08,91,5.61E-06,0
1589932786,5,10.0.0.10010.0.0.1401,10.0.0.10,0,10.0.0.14,0,1,0,8,24,232000000,20,100,0,23,2254,0.958333333,9.91E-08,93.91666667,9.72E-06,0
1589932786,5,10.0.0.14010.0.0.1001,10.0.0.14,0,10.0.0.10,0,1,0,0,24,229000000,20,100,0,23,2254,0.958333333,1.00E-07,93.91666667,9.84E-06,0
1589932786,5,10.0.0.15010.0.0.201,10.0.0.15,0,10.0.0.2,0,1,0,0,3,811000000,20,100,0,3,294,1,3.70E-09,98,3.63E-07,0
1589932786,5,10.0.0.2010.0.0.1501,10.0.0.2,0,10.0.0.15,0,1,0,8,3,814000000,20,100,0,3,294,1,3.69E-09,98,3.61E-07,0
1589932786,3,10.0.0.1505010.0.0.10438046,10.0.0.1,5050,10.0.0.10,43804,6,-1,-1,24,216000000,20,100,0,131122,8656476,5463.416667,0.000607046,360686.5,0.040076278,0
1589932786,3,10.0.0.18010.0.0.10387086,10.0.0.1,80,10.0.0.10,38708,6,-1,-1,4,73000000,20,100,0,2416,60432370,604,3.31E-05,15108092.5,0.827840685,0
1589932786,3,10.0.0.18010.0.0.10387066,10.0.0.1,80,10.0.0.10,38706,6,-1,-1,4,98000000,20,100,0,4,584,1,4.08E-08,146,5.96E-06,0
1589932786,3,10.0.0.1505110.0.0.104345617,10.0.0.1,5051,10.0.0.10,43456,17,-1,-1,4,139000000,20,100,0,0,0,0,0,0,0,0
1589932786,3,10.0.0.104380410.0.0.150506,10.0.0.10,43804,10.0.0.1,5050,6,-1,-1,24,225000000,20,100,0,569013,32411046610,23708.875,0.002528947,1350460275,144.049096,0
1589932786,3,10.0.0.103870610.0.0.1806,10.0.0.10,38706,10.0.0.1,80,6,-1,-1,4,112000000,20,100,0,4,380,1,3.57E-08,95,3.39E-06,0
1589932786,3,10.0.0.103870810.0.0.1806,10.0.0.10,38708,10.0.0.1,80,6,-1,-1,4,84000000,20,100,0,1142,76538,285.5,1.36E-05,19134.5,0.000911167,0
1589932786,3,10.0.0.104345610.0.0.1505117,10.0.0.10,43456,10.0.0.1,5051,17,-1,-1,14,174000000,20,100,0,893,1350216,63.78571429,5.13E-06,96444,0.007759862,0
1589932786,3,10.0.0.154345610.0.0.250511,10.0.0.15,43456,10.0.0.2,5051,1,0,0,3,808000000,20,100,0,3,294,1,3.71E-09,98,3.64E-07,0
1589932786,3,10.0.0.24345610.0.0.1550511,10.0.0.2,43456,10.0.0.15,5051,1,0,8,3,823000000,20,100,0,3,294,1,3.65E-09,98,3.57E-07,0
1589932786,4,10.0.0.18010.0.0.10387086,10.0.0.1,80,10.0.0.10,38708,6,-1,-1,4,72000000,20,100,0,3082,61437815,770.5,4.28E-05,15359453.75,0.853302986,0
1589932786,4,10.0.0.1505010.0.0.10438046,10.0.0.1,5050,10.0.0.10,43804,6,-1,-1,24,214000000,20,100,0,131122,8656476,5463.416667,0.00061272,360686.5,0.040450822,0
1589932786,4,10.0.0.18010.0.0.10387066,10.0.0.1,80,10.0.0.10,38706,6,-1,-1,4,95000000,20,100,0,8,1168,2,8.42E-08,292,1.23E-05,0
1589932786,4,10.0.0.1505110.0.0.104345617,10.0.0.1,5051,10.0.0.10,43456,17,-1,-1,4,136000000,20,100,0,0,0,0,0,0,0,0
1589932786,4,10.0.0.104380410.0.0.150506,10.0.0.10,43804,10.0.0.1,5050,6,-1,-1,24,226000000,20,100,0,569013,32411046610,23708.875,0.002517757,1350460275,143.4117107,0
1589932786,4,10.0.0.103870610.0.0.1806,10.0.0.10,38706,10.0.0.1,80,6,-1,-1,4,116000000,20,100,0,4,380,1,3.45E-08,95,3.28E-06,0
1589932786,4,10.0.0.103870810.0.0.1806,10.0.0.10,38708,10.0.0.1,80,6,-1,-1,4,86000000,20,100,0,1142,76538,285.5,1.33E-05,19134.5,0.000889977,0
1589932786,4,10.0.0.104345610.0.0.1505117,10.0.0.10,43456,10.0.0.1,5051,17,-1,-1,14,176000000,20,100,0,893,1350216,63.78571429,5.07E-06,96444,0.007671682,0
1589932786,4,10.0.0.104345610.0.0.1450511,10.0.0.10,43456,10.0.0.14,5051,1,0,8,24,233000000,20,100,0,23,2254,0.958333333,9.87E-08,93.91666667,9.67E-06,0
1589932786,4,10.0.0.144345610.0.0.1050511,10.0.0.14,43456,10.0.0.10,5051,1,0,0,24,228000000,20,100,0,23,2254,0.958333333,1.01E-07,93.91666667,9.89E-06,0
1589932786,4,10.0.0.154345610.0.0.250511,10.0.0.15,43456,10.0.0.2,5051,1,0,0,3,809000000,20,100,0,3,294,1,3.71E-09,98,3.63E-07,0
1589932786,4,10.0.0.24345610.0.0.1550511,10.0.0.2,43456,10.0.0.15,5051,1,0,8,3,818000000,20,100,0,3,294,1,3.67E-09,98,3.59E-07,0
1589932786,1,10.0.0.1505010.0.0.10438046,10.0.0.1,5050,10.0.0.10,43804,6,-1,-1,24,220000000,20,100,0,131122,8656476,5463.416667,0.000596009,360686.5,0.039347618,0
1589932786,1,10.0.0.18010.0.0.10387086,10.0.0.1,80,10.0.0.10,38708,6,-1,-1,4,78000000,20,100,0,2416,60432370,604,3.10E-05,15108092.5,0.774773974,0
1589932786,1,10.0.0.18010.0.0.10387066,10.0.0.1,80,10.0.0.10,38706,6,-1,-1,4,103000000,20,100,0,4,584,1,3.88E-08,146,5.67E-06,0
1589932786,1,10.0.0.1505110.0.0.104345617,10.0.0.1,5051,10.0.0.10,43456,17,-1,-1,4,147000000,20,100,0,0,0,0,0,0,0,0
1589932786,1,10.0.0.1505010.0.0.2448486,10.0.0.1,5050,10.0.0.2,44848,6,-1,-1,3,860000000,20,100,0,48419,3196146,16139.66667,5.63E-05,1065382,0.003716449,0
1589932786,1,10.0.0.104380410.0.0.150506,10.0.0.10,43804,10.0.0.1,5050,6,-1,-1,24,222000000,20,100,0,569013,32411046610,23708.875,0.002563122,1350460275,145.9957055,0
1589932786,1,10.0.0.103870810.0.0.1806,10.0.0.10,38708,10.0.0.1,80,6,-1,-1,4,80000000,20,100,0,1142,76538,285.5,1.43E-05,19134.5,0.000956725,0
1589932786,1,10.0.0.103870610.0.0.1806,10.0.0.10,38706,10.0.0.1,80,6,-1,-1,4,106000000,20,100,0,4,380,1,3.77E-08,95,3.58E-06,0
1589932786,1,10.0.0.104345610.0.0.1505117,10.0.0.10,43456,10.0.0.1,5051,17,-1,-1,14,171000000,20,100,0,893,1350216,63.78571429,5.22E-06,96444,0.007896,0
1589932786,1,10.0.0.154345610.0.0.250511,10.0.0.15,43456,10.0.0.2,5051,1,0,0,3,804000000,20,100,0,3,294,1,3.73E-09,98,3.66E-07,0
1589932786,1,10.0.0.24484810.0.0.150506,10.0.0.2,44848,10.0.0.1,5050,6,0,0,3,864000000,20,100,0,204613,11609307266,68204.33333,0.000236821,3869769089,13.43669822,0
1589932786,1,10.0.0.24484810.0.0.1550501,10.0.0.2,44848,10.0.0.15,5050,1,0,8,3,826000000,20,100,0,3,294,1,3.63E-09,98,3.56E-07,0
1589932786,1,10.0.0.34484810.0.0.550501,10.0.0.3,44848,10.0.0.5,5050,1,0,8,44,494000000,20,100,0,43,4214,0.977272727,8.70E-08,95.77272727,8.53E-06,0
1589932786,1,10.0.0.54484810.0.0.350501,10.0.0.5,44848,10.0.0.3,5050,1,0,0,44,425000000,20,100,0,43,4214,0.977272727,1.01E-07,95.77272727,9.92E-06,0
1589932786,2,10.0.0.18010.0.0.10387086,10.0.0.1,80,10.0.0.10,38708,6,-1,-1,4,75000000,20,100,0,2416,60432370,604,3.22E-05,15108092.5,0.805764933,0
1589932786,2,10.0.0.1505010.0.0.10438046,10.0.0.1,5050,10.0.0.10,43804,6,-1,-1,24,218000000,20,100,0,131122,8656476,5463.416667,0.000601477,360686.5,0.039708606,0
1589932786,2,10.0.0.18010.0.0.10387066,10.0.0.1,80,10.0.0.10,38706,6,-1,-1,4,100000000,20,100,0,4,584,1,4.00E-08,146,5.84E-06,0
1589932786,2,10.0.0.1505110.0.0.104345617,10.0.0.1,5051,10.0.0.10,43456,17,-1,-1,4,142000000,20,100,0,0,0,0,0,0,0,0
1589932786,2,10.0.0.104380410.0.0.150506,10.0.0.10,43804,10.0.0.1,5050,6,-1,-1,24,224000000,20,100,0,569013,32411046610,23708.875,0.002540237,1350460275,144.6921724,0
1589932786,2,10.0.0.103870610.0.0.1806,10.0.0.10,38706,10.0.0.1,80,6,-1,-1,4,108000000,20,100,0,4,380,1,3.70E-08,95,3.52E-06,0
1589932786,2,10.0.0.103870810.0.0.1806,10.0.0.10,38708,10.0.0.1,80,6,-1,-1,4,83000000,20,100,0,1142,76538,285.5,1.38E-05,19134.5,0.000922145,0
1589932786,2,10.0.0.104345610.0.0.1505117,10.0.0.10,43456,10.0.0.1,5051,17,-1,-1,14,173000000,20,100,0,893,1350216,63.78571429,5.16E-06,96444,0.007804717,0
1589932786,2,10.0.0.154345610.0.0.250511,10.0.0.15,43456,10.0.0.2,5051,1,0,0,3,806000000,20,100,0,3,294,1,3.72E-09,98,3.65E-07,0
1589932786,2,10.0.0.24345610.0.0.1550511,10.0.0.2,43456,10.0.0.15,5051,1,0,8,3,824000000,20,100,0,3,294,1,3.64E-09,98,3.57E-07,0
1589932786,2,10.0.0.34345610.0.0.550511,10.0.0.3,43456,10.0.0.5,5051,1,0,8,44,433000000,20,100,0,43,4214,0.977272727,9.93E-08,95.77272727,9.73E-06,0
1589932786,2,10.0.0.54345610.0.0.350511,10.0.0.5,43456,10.0.0.3,5051,1,0,0,44,427000000,20,100,0,43,4214,0.977272727,1.01E-07,95.77272727,9.87E-06,0
1589932796,4,10.0.0.18010.0.0.10387086,10.0.0.1,80,10.0.0.10,38708,6,-1,-1,14,74000000,20,100,0,3082,61437815,220.1428571,4.16E-05,4388415.357,0.830240743,0
1589932796,4,10.0.0.18010.0.0.10387066,10.0.0.1,80,10.0.0.10,38706,6,-1,-1,14,97000000,20,100,0,8,1168,0.571428571,8.25E-08,83.42857143,1.20E-05,0
1589932796,4,10.0.0.1505110.0.0.104345617,10.0.0.1,5051,10.0.0.10,43456,17,-1,-1,14,138000000,20,100,0,0,0,0,0,0,0,0
1589932796,4,10.0.0.103870610.0.0.1806,10.0.0.10,38706,10.0.0.1,80,6,-1,-1,14,118000000,20,100,0,4,380,0.285714286,3.39E-08,27.14285714,3.22E-06,0
1589932796,4,10.0.0.103870810.0.0.1806,10.0.0.10,38708,10.0.0.1,80,6,-1,-1,14,88000000,20,100,0,1142,76538,81.57142857,1.30E-05,5467,0.00086975,0
1589932796,4,10.0.0.104345610.0.0.1505117,10.0.0.10,43456,10.0.0.1,5051,17,-1,-1,24,178000000,20,100,0,893,1350216,37.20833333,5.02E-06,56259,0.007585483,0
1589932796,4,10.0.0.104345610.0.0.1450511,10.0.0.10,43456,10.0.0.14,5051,1,0,8,34,235000000,20,100,0,33,3234,0.970588235,1.40E-07,95.11764706,1.38E-05,0
1589932796,4,10.0.0.144345610.0.0.1050511,10.0.0.14,43456,10.0.0.10,5051,1,0,0,34,230000000,20,100,0,33,3234,0.970588235,1.43E-07,95.11764706,1.41E-05,0
1589932796,4,10.0.0.154345610.0.0.250511,10.0.0.15,43456,10.0.0.2,5051,1,0,0,13,811000000,20,100,0,13,1274,1,1.60E-08,98,1.57E-06,0
1589932796,4,10.0.0.24345610.0.0.1550511,10.0.0.2,43456,10.0.0.15,5051,1,0,8,13,820000000,20,100,0,13,1274,1,1.59E-08,98,1.55E-06,0
1589932796,2,10.0.0.18010.0.0.10387086,10.0.0.1,80,10.0.0.10,38708,6,-1,-1,14,77000000,20,100,0,2416,60432370,172.5714286,3.14E-05,4316597.857,0.784835974,0
1589932796,2,10.0.0.18010.0.0.10387066,10.0.0.1,80,10.0.0.10,38706,6,-1,-1,14,102000000,20,100,0,4,584,0.285714286,3.92E-08,41.71428571,5.73E-06,0
1589932796,2,10.0.0.1505110.0.0.104345617,10.0.0.1,5051,10.0.0.10,43456,17,-1,-1,14,144000000,20,100,0,0,0,0,0,0,0,0
1589932796,2,10.0.0.103870610.0.0.1806,10.0.0.10,38706,10.0.0.1,80,6,-1,-1,14,110000000,20,100,0,4,380,0.285714286,3.64E-08,27.14285714,3.45E-06,0
1589932796,2,10.0.0.103870810.0.0.1806,10.0.0.10,38708,10.0.0.1,80,6,-1,-1,14,85000000,20,100,0,1142,76538,81.57142857,1.34E-05,5467,0.000900447,0
1589932796,2,10.0.0.104345610.0.0.1505117,10.0.0.10,43456,10.0.0.1,5051,17,-1,-1,24,175000000,20,100,0,893,1350216,37.20833333,5.10E-06,56259,0.00771552,0
1589932796,2,10.0.0.154345610.0.0.250511,10.0.0.15,43456,10.0.0.2,5051,1,0,0,13,808000000,20,100,0,13,1274,1,1.61E-08,98,1.58E-06,0
1589932796,2,10.0.0.24345610.0.0.1550511,10.0.0.2,43456,10.0.0.15,5051,1,0,8,13,826000000,20,100,0,13,1274,1,1.57E-08,98,1.54E-06,0
1589932796,2,10.0.0.34345610.0.0.550511,10.0.0.3,43456,10.0.0.5,5051,1,0,8,54,435000000,20,100,0,53,5194,0.981481481,1.22E-07,96.18518519,1.19E-05,0
1589932796,2,10.0.0.54345610.0.0.350511,10.0.0.5,43456,10.0.0.3,5051,1,0,0,54,429000000,20,100,0,53,5194,0.981481481,1.24E-07,96.18518519,1.21E-05,0
1589932796,5,10.0.0.10010.0.0.1401,10.0.0.10,0,10.0.0.14,0,1,0,8,34,234000000,20,100,0,33,3234,0.970588235,1.41E-07,95.11764706,1.38E-05,0
1589932796,5,10.0.0.14010.0.0.1001,10.0.0.14,0,10.0.0.10,0,1,0,0,34,231000000,20,100,0,33,3234,0.970588235,1.43E-07,95.11764706,1.40E-05,0
1589932796,5,10.0.0.15010.0.0.201,10.0.0.15,0,10.0.0.2,0,1,0,0,13,813000000,20,100,0,13,1274,1,1.60E-08,98,1.57E-06,0
1589932796,5,10.0.0.2010.0.0.1501,10.0.0.2,0,10.0.0.15,0,1,0,8,13,816000000,20,100,0,13,1274,1,1.59E-08,98,1.56E-06,0
1589932796,1,10.0.0.18010.0.0.10387086,10.0.0.1,80,10.0.0.10,38708,6,-1,-1,14,84000000,20,100,0,2416,60432370,172.5714286,2.88E-05,4316597.857,0.719432976,0
1589932796,1,10.0.0.18010.0.0.10387066,10.0.0.1,80,10.0.0.10,38706,6,-1,-1,14,109000000,20,100,0,4,584,0.285714286,3.67E-08,41.71428571,5.36E-06,0
1589932796,1,10.0.0.1505110.0.0.104345617,10.0.0.1,5051,10.0.0.10,43456,17,-1,-1,14,153000000,20,100,0,0,0,0,0,0,0,0
1589932796,1,10.0.0.1505010.0.0.2448486,10.0.0.1,5050,10.0.0.2,44848,6,-1,-1,13,866000000,20,100,0,143642,9480864,11049.38462,0.000165868,729297.2308,0.01094788,0
1589932796,1,10.0.0.103870810.0.0.1806,10.0.0.10,38708,10.0.0.1,80,6,-1,-1,14,86000000,20,100,0,1142,76538,81.57142857,1.33E-05,5467,0.000889977,0
1589932796,1,10.0.0.103870610.0.0.1806,10.0.0.10,38706,10.0.0.1,80,6,-1,-1,14,112000000,20,100,0,4,380,0.285714286,3.57E-08,27.14285714,3.39E-06,0
1589932796,1,10.0.0.104345610.0.0.1505117,10.0.0.10,43456,10.0.0.1,5051,17,-1,-1,24,177000000,20,100,0,893,1350216,37.20833333,5.05E-06,56259,0.007628339,0
1589932796,1,10.0.0.154345610.0.0.250511,10.0.0.15,43456,10.0.0.2,5051,1,0,0,13,810000000,20,100,0,13,1274,1,1.60E-08,98,1.57E-06,0
1589932796,1,10.0.0.24484810.0.0.150506,10.0.0.2,44848,10.0.0.1,5050,6,0,0,13,870000000,20,100,0,619907,35320151294,47685.15385,0.000712537,2716934715,40.59787505,0
1589932796,1,10.0.0.25097210.0.0.1505117,10.0.0.2,50972,10.0.0.1,5051,17,0,0,3,821000000,20,100,0,294,444528,98,3.58E-07,148176,0.000541447,0
1589932796,1,10.0.0.25097210.0.0.1550511,10.0.0.2,50972,10.0.0.15,5051,1,0,8,13,832000000,20,100,0,13,1274,1,1.56E-08,98,1.53E-06,0
1589932796,1,10.0.0.35097210.0.0.550511,10.0.0.3,50972,10.0.0.5,5051,1,0,8,54,500000000,20,100,0,53,5194,0.981481481,1.06E-07,96.18518519,1.04E-05,0
1589932796,1,10.0.0.55097210.0.0.350511,10.0.0.5,50972,10.0.0.3,5051,1,0,0,54,431000000,20,100,0,53,5194,0.981481481,1.23E-07,96.18518519,1.21E-05,0
1589932796,3,10.0.0.18010.0.0.10387086,10.0.0.1,80,10.0.0.10,38708,6,-1,-1,14,79000000,20,100,0,2416,60432370,172.5714286,3.06E-05,4316597.857,0.764966709,0
1589932796,3,10.0.0.18010.0.0.10387066,10.0.0.1,80,10.0.0.10,38706,6,-1,-1,14,104000000,20,100,0,4,584,0.285714286,3.85E-08,41.71428571,5.62E-06,0
1589932796,3,10.0.0.1505110.0.0.104345617,10.0.0.1,5051,10.0.0.10,43456,17,-1,-1,14,145000000,20,100,0,0,0,0,0,0,0,0
1589932796,3,10.0.0.103870610.0.0.1806,10.0.0.10,38706,10.0.0.1,80,6,-1,-1,14,118000000,20,100,0,4,380,0.285714286,3.39E-08,27.14285714,3.22E-06,0
1589932796,3,10.0.0.103870810.0.0.1806,10.0.0.10,38708,10.0.0.1,80,6,-1,-1,14,90000000,20,100,0,1142,76538,81.57142857,1.27E-05,5467,0.000850422,0
1589932796,3,10.0.0.104345610.0.0.1505117,10.0.0.10,43456,10.0.0.1,5051,17,-1,-1,24,180000000,20,100,0,893,1350216,37.20833333,4.96E-06,56259,0.0075012,0
1589932796,3,10.0.0.154345610.0.0.250511,10.0.0.15,43456,10.0.0.2,5051,1,0,0,13,814000000,20,100,0,13,1274,1,1.60E-08,98,1.57E-06,0
1589932796,3,10.0.0.24345610.0.0.1550511,10.0.0.2,43456,10.0.0.15,5051,1,0,8,13,829000000,20,100,0,13,1274,1,1.57E-08,98,1.54E-06,0
1589932806,5,10.0.0.10010.0.0.1401,10.0.0.10,0,10.0.0.14,0,1,0,8,44,234000000,20,100,0,43,4214,0.977272727,1.84E-07,95.77272727,1.80E-05,0
1589932806,5,10.0.0.14010.0.0.1001,10.0.0.14,0,10.0.0.10,0,1,0,0,44,231000000,20,100,0,43,4214,0.977272727,1.86E-07,95.77272727,1.82E-05,0
1589932806,5,10.0.0.15010.0.0.201,10.0.0.15,0,10.0.0.2,0,1,0,0,23,813000000,20,100,0,23,2254,1,2.83E-08,98,2.77E-06,0
1589932806,5,10.0.0.2010.0.0.1501,10.0.0.2,0,10.0.0.15,0,1,0,8,23,816000000,20,100,0,23,2254,1,2.82E-08,98,2.76E-06,0
1589932806,1,10.0.0.18010.0.0.2344406,10.0.0.1,80,10.0.0.2,34440,6,-1,-1,3,733000000,20,100,0,1905,60336380,635,2.60E-06,20112126.67,0.082314297,0
1589932806,1,10.0.0.18010.0.0.2344386,10.0.0.1,80,10.0.0.2,34438,6,-1,-1,3,745000000,20,100,0,8,1168,2.666666667,1.07E-08,389.3333333,1.57E-06,0
1589932806,1,10.0.0.1505010.0.0.2448486,10.0.0.1,5050,10.0.0.2,44848,6,-1,-1,23,862000000,20,100,0,143642,9480864,6245.304348,0.000166638,412211.4783,0.010998682,0
1589932806,1,10.0.0.1505110.0.0.25097217,10.0.0.1,5051,10.0.0.2,50972,17,-1,-1,3,784000000,20,100,0,0,0,0,0,0,0,0
1589932806,1,10.0.0.1505010.0.0.5349706,10.0.0.1,5050,10.0.0.5,34970,6,-1,-1,3,593000000,20,100,0,42710,2820144,14236.66667,7.20E-05,940048,0.004755723,0
1589932806,1,10.0.0.15505010.0.0.2349701,10.0.0.15,5050,10.0.0.2,34970,1,0,0,23,806000000,20,100,0,23,2254,1,2.85E-08,98,2.80E-06,0
1589932806,1,10.0.0.24484810.0.0.150506,10.0.0.2,44848,10.0.0.1,5050,6,0,0,23,866000000,20,100,0,619907,35320151294,26952.47826,0.000715828,1535658752,40.7853941,0
1589932806,1,10.0.0.23444010.0.0.1806,10.0.0.2,34440,10.0.0.1,80,6,0,0,3,736000000,20,100,0,796,52650,265.3333333,1.08E-06,17550,7.15E-05,0
1589932806,1,10.0.0.23443810.0.0.1806,10.0.0.2,34438,10.0.0.1,80,6,0,0,3,750000000,20,100,0,4,380,1.333333333,5.33E-09,126.6666667,5.07E-07,0
1589932806,1,10.0.0.25097210.0.0.1505117,10.0.0.2,50972,10.0.0.1,5051,17,0,0,13,817000000,20,100,0,893,1350216,68.69230769,1.09E-06,103862.7692,0.001652651,0
1589932806,1,10.0.0.25097210.0.0.1550511,10.0.0.2,50972,10.0.0.15,5051,1,0,8,23,828000000,20,100,0,23,2254,1,2.78E-08,98,2.72E-06,0
1589932806,1,10.0.0.35097210.0.0.550511,10.0.0.3,50972,10.0.0.5,5051,1,0,8,64,496000000,20,100,0,64,6272,1,1.29E-07,98,1.26E-05,0
1589932806,1,10.0.0.53497010.0.0.150506,10.0.0.5,34970,10.0.0.1,5050,6,0,8,3,596000000,20,100,0,182337,10296946170,60779,0.000305935,3432315390,17.27675532,0
1589932806,1,10.0.0.53497010.0.0.350501,10.0.0.5,34970,10.0.0.3,5050,1,0,0,64,427000000,20,100,0,64,6272,1,1.50E-07,98,1.47E-05,0
1589932806,2,10.0.0.1505010.0.0.5349706,10.0.0.1,5050,10.0.0.5,34970,6,-1,-1,3,589000000,20,100,0,42710,2820144,14236.66667,7.25E-05,940048,0.00478802,0
1589932806,2,10.0.0.15505010.0.0.2349701,10.0.0.15,5050,10.0.0.2,34970,1,0,0,23,808000000,20,100,0,23,2254,1,2.85E-08,98,2.79E-06,0
1589932806,2,10.0.0.2505010.0.0.15349701,10.0.0.2,5050,10.0.0.15,34970,1,0,8,23,826000000,20,100,0,23,2254,1,2.78E-08,98,2.73E-06,0
1589932806,2,10.0.0.3505010.0.0.5349701,10.0.0.3,5050,10.0.0.5,34970,1,0,8,64,435000000,20,100,0,64,6272,1,1.47E-07,98,1.44E-05,0
1589932806,2,10.0.0.53497010.0.0.150506,10.0.0.5,34970,10.0.0.1,5050,6,0,8,3,597000000,20,100,0,182337,10296946170,60779,0.000305422,3432315390,17.24781603,0
1589932806,2,10.0.0.53497010.0.0.350501,10.0.0.5,34970,10.0.0.3,5050,1,0,0,64,429000000,20,100,0,64,6272,1,1.49E-07,98,1.46E-05,0
1589932806,2,10.0.0.53497010.0.0.850501,10.0.0.5,34970,10.0.0.8,5050,1,0,8,3,602000000,20,100,0,3,294,1,4.98E-09,98,4.88E-07,0
1589932806,2,10.0.0.83497010.0.0.550501,10.0.0.8,34970,10.0.0.5,5050,1,0,0,3,591000000,20,100,0,3,294,1,5.08E-09,98,4.97E-07,0
1589932806,4,10.0.0.10010.0.0.1401,10.0.0.10,0,10.0.0.14,0,1,0,8,44,235000000,20,100,0,43,4214,0.977272727,1.83E-07,95.77272727,1.79E-05,0
1589932806,4,10.0.0.14010.0.0.1001,10.0.0.14,0,10.0.0.10,0,1,0,0,44,230000000,20,100,0,43,4214,0.977272727,1.87E-07,95.77272727,1.83E-05,0
1589932806,4,10.0.0.15010.0.0.201,10.0.0.15,0,10.0.0.2,0,1,0,0,23,811000000,20,100,0,23,2254,1,2.84E-08,98,2.78E-06,0
1589932806,4,10.0.0.2010.0.0.1501,10.0.0.2,0,10.0.0.15,0,1,0,8,23,820000000,20,100,0,23,2254,1,2.80E-08,98,2.75E-06,0
1589932806,3,10.0.0.15010.0.0.201,10.0.0.15,0,10.0.0.2,0,1,0,0,23,810000000,20,100,0,23,2254,1,2.84E-08,98,2.78E-06,0
1589932806,3,10.0.0.2010.0.0.1501,10.0.0.2,0,10.0.0.15,0,1,0,8,23,825000000,20,100,0,23,2254,1,2.79E-08,98,2.73E-06,0
1589932806,3,10.0.0.5010.0.0.801,10.0.0.5,0,10.0.0.8,0,1,0,8,3,598000000,20,100,0,3,294,1,5.02E-09,98,4.92E-07,0
1589932806,3,10.0.0.8010.0.0.501,10.0.0.8,0,10.0.0.5,0,1,0,0,3,594000000,20,100,0,3,294,1,5.05E-09,98,4.95E-07,0
1589932816,5,10.0.0.10010.0.0.1401,10.0.0.10,0,10.0.0.14,0,1,0,8,54,238000000,20,100,0,53,5194,0.981481481,2.23E-07,96.18518519,2.18E-05,0
1589932816,5,10.0.0.14010.0.0.1001,10.0.0.14,0,10.0.0.10,0,1,0,0,54,235000000,20,100,0,53,5194,0.981481481,2.26E-07,96.18518519,2.21E-05,0
1589932816,5,10.0.0.15010.0.0.201,10.0.0.15,0,10.0.0.2,0,1,0,0,33,817000000,20,100,0,33,3234,1,4.04E-08,98,3.96E-06,0
1589932816,5,10.0.0.2010.0.0.1501,10.0.0.2,0,10.0.0.15,0,1,0,8,33,820000000,20,100,0,33,3234,1,4.02E-08,98,3.94E-06,0
1589932816,4,10.0.0.10010.0.0.1401,10.0.0.10,0,10.0.0.14,0,1,0,8,54,239000000,20,100,0,53,5194,0.981481481,2.22E-07,96.18518519,2.17E-05,0
